Name,Full Path,Hash,Timestamp
Fee_Quote_Template_668717.pdf,C:\\Users\\olive\\OneDrive\\Desktop\\contractor work\\Fee_Quote_Template_668717.pdf,6873ed83cc3f60ddf760893f366d9bfcdc698c12907f529107,Sun Jan  7 18:04:51 2024
GAM_invoice.pdf,C:\\Users\\olive\\OneDrive\\Desktop\\contractor work\\GAM_invoice.pdf,d6a9e6f73bbfb512ea27a12f760e29ae30e0cd3355cdcebfd7,Sun Jan  7 18:05:49 2024
PPL INVOICE 1.xlsx,C:\\Users\\olive\\OneDrive\\Desktop\\contractor work\\PPL INVOICE 1.xlsx,00efa87282ae6f027136637b144ab0c63f0fd80f89dfb6f1a9,Sun May 12 20:57:23 2024
PPL_INVOICE_02022024.pdf,C:\\Users\\olive\\OneDrive\\Desktop\\contractor work\\PPL_INVOICE_02022024.pdf,bde11bd58b96c5820cc6daa8bd120e55f382353094a8147885,Mon Feb  5 17:02:05 2024
PPL_INVOICE_03042024.pdf,C:\\Users\\olive\\OneDrive\\Desktop\\contractor work\\PPL_INVOICE_03042024.pdf,cf83e1357eefb8bdf1542850d66d8007d620e4050b5715dc83,Wed Apr  3 13:35:18 2024
PPL_INVOICE_03042024_redo.pdf,C:\\Users\\olive\\OneDrive\\Desktop\\contractor work\\PPL_INVOICE_03042024_redo.pdf,9c3c492af4facf1fb63927d91da3d2d75b40bc31f4f44d881a,Wed Apr  3 13:36:45 2024
PPL_INVOICE_04032024.pdf,C:\\Users\\olive\\OneDrive\\Desktop\\contractor work\\PPL_INVOICE_04032024.pdf,86d29ed8a15c59aea1c7d5d5c3591c736df474229259f55367,Mon Mar  4 12:15:39 2024
PPL_INVOICE_04042024.pdf,C:\\Users\\olive\\OneDrive\\Desktop\\contractor work\\PPL_INVOICE_04042024.pdf,541b1d7ed7bd3e31ccd6e746b5435b86031e92a400784982c9,Wed Apr  3 12:48:57 2024
PPL_INVOICE_05052024_redo.pdf,C:\\Users\\olive\\OneDrive\\Desktop\\contractor work\\PPL_INVOICE_05052024_redo.pdf,cf83e1357eefb8bdf1542850d66d8007d620e4050b5715dc83,Sun May  5 18:01:37 2024
PPL_INVOICE_06042024.pdf,C:\\Users\\olive\\OneDrive\\Desktop\\contractor work\\PPL_INVOICE_06042024.pdf,9d25f6a28671b457e3b8759769ed64ef3701a9c434a60ef1e9,Sat Apr  6 20:02:30 2024
PPL_INVOICE_07012024.pdf,C:\\Users\\olive\\OneDrive\\Desktop\\contractor work\\PPL_INVOICE_07012024.pdf,c048bf3dd7c1a6b8af5b6fd712d9b571c159487917a1b49f22,Sun Jan  7 18:01:04 2024
PPL_INVOICE_10032024.pdf,C:\\Users\\olive\\OneDrive\\Desktop\\contractor work\\PPL_INVOICE_10032024.pdf,54b5e82a80383d83af09e8e7939f76eb13cdbdbc922fc707cc,Sun Mar 10 15:43:33 2024
PPL_INVOICE_12052024.pdf,C:\\Users\\olive\\OneDrive\\Desktop\\contractor work\\PPL_INVOICE_12052024.pdf,e87958869ff63987360c319932a00b149bedd2ac15d75f26cd,Sun May 12 20:57:16 2024
PPL_INVOICE_14012024.pdf,C:\\Users\\olive\\OneDrive\\Desktop\\contractor work\\PPL_INVOICE_14012024.pdf,2a0f5c3857cb492dd92f7d074039343b4788f627260e4ec9e5,Sun Jan 14 18:37:43 2024
PPL_INVOICE_15042024.pdf,C:\\Users\\olive\\OneDrive\\Desktop\\contractor work\\PPL_INVOICE_15042024.pdf,c2c3437520fdad937f34a3d646b4424a9a57280d915a606896,Sun Apr 14 11:41:16 2024
PPL_INVOICE_18022024.pdf,C:\\Users\\olive\\OneDrive\\Desktop\\contractor work\\PPL_INVOICE_18022024.pdf,41ad6094d6273ef79035db0fd2352b95a4a1109e4842fb997c,Sun Feb 18 20:21:41 2024
PPL_INVOICE_18022024_resub.pdf,C:\\Users\\olive\\OneDrive\\Desktop\\contractor work\\PPL_INVOICE_18022024_resub.pdf,3cf8d25eaf6aa477daede2818bf7bb054d8668af37deaf0222,Tue Feb 20 13:50:12 2024
PPL_INVOICE_18022024_resub_2.pdf,C:\\Users\\olive\\OneDrive\\Desktop\\contractor work\\PPL_INVOICE_18022024_resub_2.pdf,90ad403e94bcda8665d933f5784beeeb4b7f42c85964ffe438,Tue Feb 20 14:17:50 2024
PPL_INVOICE_20032024.pdf,C:\\Users\\olive\\OneDrive\\Desktop\\contractor work\\PPL_INVOICE_20032024.pdf,2dba3b60fd9ce3896e83dbe132c8b7d4f4fd5825112e3d01e4,Wed Mar 20 14:25:06 2024
PPL_INVOICE_21012024.pdf,C:\\Users\\olive\\OneDrive\\Desktop\\contractor work\\PPL_INVOICE_21012024.pdf,f72a697d295f253ea09ef0b64c62c40bd1541ae2d7e43d3ede,Sun Jan 21 18:39:31 2024
PPL_INVOICE_21042024.pdf,C:\\Users\\olive\\OneDrive\\Desktop\\contractor work\\PPL_INVOICE_21042024.pdf,9dcb807cd28cb52ed7017cc4608f2543a58f6a0186ef84de95,Sun Apr 21 18:27:36 2024
PPL_INVOICE_25032024.pdf,C:\\Users\\olive\\OneDrive\\Desktop\\contractor work\\PPL_INVOICE_25032024.pdf,79e03f637057e0e07c023cd7b89e19144672b54162f3b9453e,Wed Mar 27 14:32:31 2024
PPL_INVOICE_27022024.pdf,C:\\Users\\olive\\OneDrive\\Desktop\\contractor work\\PPL_INVOICE_27022024.pdf,e4f74b083978bd5ef82a7272bd442c98fb82f50771b8e8dabc,Tue Feb 27 14:30:30 2024
PPL_INVOICE_28012024.pdf,C:\\Users\\olive\\OneDrive\\Desktop\\contractor work\\PPL_INVOICE_28012024.pdf,e7479c7a228c041f719b594c756a5061ab54aa98991a0b770f,Sun Jan 28 16:41:00 2024
PPL_INVOICE_30042024.pdf,C:\\Users\\olive\\OneDrive\\Desktop\\contractor work\\PPL_INVOICE_30042024.pdf,bbfc568d86050fecc7c5d3b166aab5701d4b8570f63cd866df,Tue Apr 30 13:48:42 2024
PPL_INVOICE_redo.pdf,C:\\Users\\olive\\OneDrive\\Desktop\\contractor work\\PPL_INVOICE_redo.pdf,198cd85bb93a6214b9a3fe30ad1a4618bdbb553e790401d5e2,Sun May  5 18:03:11 2024
REDO_07012024.pdf,C:\\Users\\olive\\OneDrive\\Desktop\\contractor work\\REDO_07012024.pdf,271e17b8f8e17a6f549d9168d483442b4703b503460f7d32d3,Sun Jan 14 18:28:10 2024
REDO_14012024.pdf,C:\\Users\\olive\\OneDrive\\Desktop\\contractor work\\REDO_14012024.pdf,11aaff91fd52d3c9264ee546c55e3923b82dca5df890362164,Sun Jan 21 18:34:46 2024
WESTCOAST_INVOICE.xlsx,C:\\Users\\olive\\OneDrive\\Desktop\\contractor work\\WESTCOAST_INVOICE.xlsx,1d10c3d938eac3e5ccc4880f7eee16b7fa9b5fa0cd403bedd6,Tue Feb 27 14:32:57 2024
WESTCOAST_INVOICE_0302024.pdf,C:\\Users\\olive\\OneDrive\\Desktop\\contractor work\\WESTCOAST_INVOICE_0302024.pdf,3fde33e4022c60b0153a32966f75699a74428061d710713565,Mon Feb  5 12:42:14 2024
WESTCOAST_INVOICE_07012024.pdf,C:\\Users\\olive\\OneDrive\\Desktop\\contractor work\\WESTCOAST_INVOICE_07012024.pdf,a43e80eb7218f6929cf9ff4613f1d0827c934a9a7cc61a027f,Sun Jan  7 18:23:27 2024
WESTCOAST_INVOICE_1002024.pdf,C:\\Users\\olive\\OneDrive\\Desktop\\contractor work\\WESTCOAST_INVOICE_1002024.pdf,09ac4a62dbd52927b8fc7a05576c242e2b8021f55abad3d37e,Sun Feb 11 11:53:58 2024
WESTCOAST_INVOICE_14012024.pdf,C:\\Users\\olive\\OneDrive\\Desktop\\contractor work\\WESTCOAST_INVOICE_14012024.pdf,3c3c5e4eecf65ed7055a1145fdda9cea335cb70fe1780b599a,Sun Jan 14 18:32:03 2024
WESTCOAST_INVOICE_21012024.pdf,C:\\Users\\olive\\OneDrive\\Desktop\\contractor work\\WESTCOAST_INVOICE_21012024.pdf,92b1ebde8b0c40c22d26d2b63fc632fc891cd117cbf7fed3e7,Sun Jan 21 18:31:21 2024
WESTCOAST_INVOICE_27022024.pdf,C:\\Users\\olive\\OneDrive\\Desktop\\contractor work\\WESTCOAST_INVOICE_27022024.pdf,e6497ca14a465fc4624ba3a3c8507e6401b342e0405f5386b7,Tue Feb 27 14:32:42 2024
WESTCOAST_INVOICE_28012024.pdf,C:\\Users\\olive\\OneDrive\\Desktop\\contractor work\\WESTCOAST_INVOICE_28012024.pdf,356d527d8b15d1107cfe6a11f11115ab4f69b2e246a38b2d4a,Sun Jan 28 16:38:58 2024
